cliente_id;nome;email;cidade;uf;data_cadastro;ativo
1;Ana Diniz;ana.diniz@exemplo.com;Sao Paulo;SP;2025-01-04;1
2;Bruno Gomes;bruno.gomes@exemplo.com;Campinas;SP;2025-01-07;1
3;Carla Nascimento;carla.nascimento@exemplo.com;Santos;SP;2025-01-10;1
4;Daniel Rocha;daniel.rocha@exemplo.com;Rio de Janeiro;RJ;2025-01-13;1
5;Elisa Almeida;elisa.almeida@exemplo.com;Niteroi;RJ;2025-01-16;1
6;Fabio Diniz;fabio.diniz@exemplo.com;Belo Horizonte;MG;2025-01-19;1
7;Gabriela Gomes;gabriela.gomes@exemplo.com;Curitiba;PR;2025-01-22;0
8;Henrique Nascimento;henrique.nascimento@exemplo.com;Salvador;BA;2025-01-25;1
9;Isabela Rocha;isabela.rocha@exemplo.com;Recife;PE;2025-01-28;1
10;Joao Almeida;joao.almeida@exemplo.com;Brasilia;DF;2025-01-31;1
11;Karina Diniz;karina.diniz@exemplo.com;Sao Paulo;SP;2025-02-03;1
12;Lucas Gomes;;Campinas;SP;2025-02-06;1
13;Mariana Nascimento;mariana.nascimento@exemplo.com;Santos;SP;2025-02-09;1
14;Natan Rocha;natan.rocha@exemplo.com;Rio de Janeiro;RJ;2025-02-12;0
15;Olivia Almeida;olivia.almeida@exemplo.com;Niteroi;RJ;2025-02-15;1
16;Paulo Diniz;paulo.diniz@exemplo.com;Belo Horizonte;MG;2025-02-18;1
17;Quezia Gomes;quezia.gomes@exemplo.com;Curitiba;PR;2025-02-21;1
18;Rafael Nascimento;rafael.nascimento@exemplo.com;Salvador;BA;2025-02-24;1
19;Sabrina Rocha;sabrina.rocha@exemplo.com;Recife;PE;2025-02-27;1
20;Tiago Almeida;tiago.almeida@exemplo.com;Brasilia;DF;2025-03-02;1
21;Ana Diniz;ana.diniz@exemplo.com;Sao Paulo;SP;2025-03-05;0
22;Bruno Gomes;bruno.gomes@exemplo.com;Campinas;SP;2025-03-08;1
23;Carla Nascimento;carla.nascimento@exemplo.com;Santos;SP;2025-03-11;1
24;Daniel Rocha;daniel.rocha@exemplo.com;Rio de Janeiro;RJ;2025-03-14;1
25;Elisa Almeida;elisa.almeida@exemplo.com;Niteroi;RJ;31/02/2026;1
26;Fabio Diniz;fabio.diniz@exemplo.com;Belo Horizonte;MG;2025-03-20;1
27;Gabriela Gomes;gabriela.gomes@exemplo.com;Curitiba;PR;2025-03-23;1
28;Henrique Nascimento;henrique.nascimento@exemplo.com;Salvador;BA;2025-03-26;0
29;Isabela Rocha;isabela.rocha@exemplo.com;Recife;PE;2025-03-29;1
30;Joao Almeida;joao.almeida@exemplo.com;Brasilia;DF;2025-04-01;1
31;Karina Diniz;karina.diniz@exemplo.com;Sao Paulo;SP;2025-04-04;1
32;Lucas Gomes;lucas.gomes@exemplo.com;Campinas;SP;2025-04-07;1
33;Mariana Nascimento;mariana.nascimento@exemplo.com;Santos;SP;2025-04-10;1
34;Natan Rocha;natan.rocha@exemplo.com;Rio de Janeiro;RJ;2025-04-13;1
35;Olivia Almeida;olivia.almeida@exemplo.com;Niteroi;RJ;2025-04-16;0
36;Paulo Diniz;paulo.diniz@exemplo.com;Belo Horizonte;MG;2025-04-19;1
37;Quezia Gomes;quezia.gomes@exemplo.com;Curitiba;PR;2025-04-22;1
38;Rafael Nascimento;rafael.nascimento@exemplo.com;Salvador;BA;2025-04-25;1
39;Sabrina Rocha;sabrina.rocha@exemplo.com;Recife;PE;2025-04-28;1
40;  Carla Castro  ;tiago.almeida@exemplo.com;Brasilia;DF;2025-05-01;1
41;Ana Diniz;ana.diniz@exemplo.com;Sao Paulo;SP;2025-05-04;1
42;Bruno Gomes;bruno.gomes@exemplo.com;Campinas;SP;2025-05-07;0
43;Carla Nascimento;carla.nascimento@exemplo.com;Santos;SP;2025-05-10;1
44;Daniel Rocha;daniel.rocha@exemplo.com;Rio de Janeiro;RJ;2025-05-13;1
45;Elisa Almeida;elisa.almeida@exemplo.com;Niteroi;RJ;2025-05-16;1
46;Fabio Diniz;fabio.diniz@exemplo.com;Belo Horizonte;MG;2025-05-19;1
47;Gabriela Gomes;gabriela.gomes@exemplo.com;Curitiba;PR;2025-05-22;1
48;Henrique Nascimento;henrique.nascimento@exemplo.com;Salvador;BA;2025-05-25;1
49;Isabela Rocha;isabela.rocha@exemplo.com;Recife;PE;2025-05-28;0
50;Joao Almeida;joao.almeida@exemplo.com;Brasilia;DF;2025-05-31;1
51;Karina Diniz;karina.diniz@exemplo.com;Sao Paulo;SP;2025-06-03;1
52;Lucas Gomes;lucas.gomes@exemplo.com;Campinas;SP;2025-06-06;1
53;Mariana Nascimento;mariana.nascimento@exemplo.com;Santos;SP;2025-06-09;1
54;Natan Rocha;natan.rocha@exemplo.com;Rio de Janeiro;RJ;2025-06-12;1
55;Olivia Almeida;joao.almeida@exemplo.com;Niteroi;RJ;2025-06-15;1
56;Paulo Diniz;paulo.diniz@exemplo.com;Belo Horizonte;MG;2025-06-18;0
57;Quezia Gomes;quezia.gomes@exemplo.com;Curitiba;PR;2025-06-21;1
58;Rafael Nascimento;rafael.nascimento@exemplo.com;Salvador;BA;2025-06-24;1
59;Sabrina Rocha;sabrina.rocha@exemplo.com;Recife;PE;2025-06-27;1
60;Tiago Almeida;tiago.almeida@exemplo.com;Brasilia;DF;2025-06-30;1
61;Ana Diniz;ana.diniz@exemplo.com;Sao Paulo;SP;2025-07-03;1
62;Bruno Gomes;bruno.gomes@exemplo.com;Campinas;SP;2025-07-06;1
63;Carla Nascimento;carla.nascimento@exemplo.com;Santos;SP;2025-07-09;0
64;Daniel Rocha;daniel.rocha@exemplo.com;Rio de Janeiro;RJ;2025-07-12;1
65;Elisa Almeida;elisa.almeida@exemplo.com;Niteroi;RJ;2025-07-15;1
66;Fabio Diniz;fabio.diniz@exemplo.com;Belo Horizonte;MG;2025-07-18;1
67;Gabriela Gomes;gabriela.gomes@exemplo.com;Curitiba;PR;2025-07-21;1
68;Henrique Nascimento;henrique.nascimento@exemplo.com;Salvador;BA;2025-07-24;1
69;Isabela Rocha;isabela.rocha@exemplo.com;Recife;PE;2025-07-27;1
70;Joao Almeida;joao.almeida@exemplo.com;Brasilia;DF;2025-07-30;0
71;Karina Diniz;karina.diniz@exemplo.com;Sao Paulo;SP;2025-08-02;1
72;Lucas Gomes;lucas.gomes@exemplo.com;Campinas;XX;2025-08-05;1
73;Mariana Nascimento;mariana.nascimento@exemplo.com;Santos;SP;2025-08-08;1
74;Natan Rocha;natan.rocha@exemplo.com;Rio de Janeiro;RJ;2025-08-11;1
75;Olivia Almeida;olivia.almeida@exemplo.com;Niteroi;RJ;2025-08-14;1
76;Paulo Diniz;paulo.diniz@exemplo.com;Belo Horizonte;MG;2025-08-17;1
77;Quezia Gomes;quezia.gomes@exemplo.com;Curitiba;PR;2025-08-20;0
78;Rafael Nascimento;rafael.nascimento@exemplo.com;Salvador;BA;2025-08-23;1
79;Sabrina Rocha;sabrina.rocha@exemplo.com;Recife;PE;2025-08-26;1
80;Tiago Almeida;tiago.almeida@exemplo.com;Brasilia;DF;2025-08-29;1
81;Ana Diniz;ana.diniz@exemplo.com;Sao Paulo;SP;2025-09-01;1
82;Bruno Gomes;bruno.gomes@exemplo.com;Campinas;SP;2025-09-04;1
83;Carla Nascimento;carla.nascimento@exemplo.com;Santos;SP;2025-09-07;1
84;Daniel Rocha;daniel.rocha@exemplo.com;Rio de Janeiro;RJ;2025-09-10;0
85;Elisa Almeida;elisa.almeida@exemplo.com;Niteroi;RJ;2025-09-13;1
86;Fabio Diniz;fabio.diniz@exemplo.com;Belo Horizonte;MG;2025-09-16;1
87;Gabriela Gomes;gabriela.gomes@exemplo.com;Curitiba;PR;2025-09-19;1
88;Henrique Nascimento;henrique.nascimento@exemplo.com;Salvador;BA;2025-09-22;1
89;Isabela Rocha;isabela.rocha@exemplo.com;Recife;PE;2025-09-25;1
90;Joao Almeida;joao.almeida@exemplo.com;Brasilia;DF;2025-09-28;1
91;Karina Diniz;karina.diniz@exemplo.com;Sao Paulo;SP;2025-10-01;0
92;Lucas Gomes;lucas.gomes@exemplo.com;Campinas;SP;2025-10-04;1
93;Mariana Nascimento;mariana.nascimento@exemplo.com;Santos;SP;2025-10-07;1
94;Natan Rocha;natan.rocha@exemplo.com;Rio de Janeiro;RJ;2025-10-10;1
95;Olivia Almeida;olivia.almeida@exemplo.com;Niteroi;RJ;2025-10-13;1
96;Paulo Diniz;paulo.diniz@exemplo.com;Belo Horizonte;MG;2025-10-16;1
97;Quezia Gomes;quezia.gomes@exemplo.com;Curitiba;PR;2025-10-19;1
98;Rafael Nascimento;rafael.nascimento@exemplo.com;Salvador;BA;2025-10-22;0
99;Sabrina Rocha;sabrina.rocha@exemplo.com;Recife;PE;2025-10-25;1
100;Tiago Almeida;tiago.almeida@exemplo.com;Brasilia;DF;2025-10-28;1
